{"Batch_size":16,"Date":"Tue Jul 16 13:35:45 2019\n","Epochs":1,"Learning_rate":9.999999747378752e-05,"Num_of_batches":3750,"Training_loss":29.35971450805664}